Date,Broker Name,Currency Pair,Buy Orders,Sell Orders
5/7/2023,FXCM,EUR/USD,1471,1170
5/7/2023,Pepperstone,GBP/USD,1496,783
5/7/2023,IG,USD/JPY,854,783
5/7/2023,FXCM,AUD/USD,991,1284
5/7/2023,Pepperstone,USD/CAD,1412,1394
5/7/2023,OANDA,USD/CHF,1447,767
5/7/2023,OANDA,NZD/USD,1188,1032
5/7/2023,FXCM,EUR/JPY,1317,784
5/7/2023,Pepperstone,GBP/JPY,881,868
5/7/2023,OANDA,EUR/GBP,1025,723
5/14/2023,IG,EUR/USD,1148,1087
5/14/2023,Pepperstone,GBP/USD,962,965
5/14/2023,Pepperstone,USD/JPY,903,857
5/14/2023,Pepperstone,AUD/USD,1075,1342
5/14/2023,Pepperstone,USD/CAD,827,731
5/14/2023,OANDA,USD/CHF,1130,766
5/14/2023,Pepperstone,NZD/USD,935,1122
5/14/2023,FXCM,EUR/JPY,1448,1085
5/14/2023,IG,GBP/JPY,1269,886
5/14/2023,Pepperstone,EUR/GBP,1268,1310
5/21/2023,FXCM,EUR/USD,1137,1072
5/21/2023,OANDA,GBP/USD,1448,820
5/21/2023,OANDA,USD/JPY,1499,988
5/21/2023,Pepperstone,AUD/USD,1364,984
5/21/2023,Pepperstone,USD/CAD,1085,1288
5/21/2023,IG,USD/CHF,838,1198
5/21/2023,IG,NZD/USD,814,1059
5/21/2023,IG,EUR/JPY,1009,826
5/21/2023,OANDA,GBP/JPY,1126,1256
5/21/2023,Pepperstone,EUR/GBP,1046,1351
5/28/2023,OANDA,EUR/USD,1455,950
5/28/2023,IG,GBP/USD,1098,1289
5/28/2023,IG,USD/JPY,1498,1276
5/28/2023,OANDA,AUD/USD,1288,1147
5/28/2023,FXCM,USD/CAD,957,1141
5/28/2023,Pepperstone,USD/CHF,1010,858
5/28/2023,Pepperstone,NZD/USD,940,1231
5/28/2023,FXCM,EUR/JPY,1228,1350
5/28/2023,FXCM,GBP/JPY,1447,745
5/28/2023,OANDA,EUR/GBP,1265,1292
6/4/2023,IG,EUR/USD,833,1250
6/4/2023,FXCM,GBP/USD,1428,729
6/4/2023,OANDA,USD/JPY,1241,801
6/4/2023,IG,AUD/USD,1094,1139
6/4/2023,FXCM,USD/CAD,1141,967
6/4/2023,FXCM,USD/CHF,885,1089
6/4/2023,IG,NZD/USD,1160,1009
6/4/2023,Pepperstone,EUR/JPY,1406,851
6/4/2023,IG,GBP/JPY,801,1076
6/4/2023,IG,EUR/GBP,913,702
6/11/2023,FXCM,EUR/USD,1460,872
6/11/2023,OANDA,GBP/USD,1249,868
6/11/2023,IG,USD/JPY,807,995
6/11/2023,IG,AUD/USD,1370,1061
6/11/2023,FXCM,USD/CAD,979,1235
6/11/2023,FXCM,USD/CHF,937,993
6/11/2023,OANDA,NZD/USD,980,1219
6/11/2023,OANDA,EUR/JPY,1359,1104
6/11/2023,IG,GBP/JPY,1057,856
6/11/2023,IG,EUR/GBP,1204,892
6/18/2023,Pepperstone,EUR/USD,1202,852
6/18/2023,FXCM,GBP/USD,920,765
6/18/2023,FXCM,USD/JPY,992,1160
6/18/2023,Pepperstone,AUD/USD,815,1039
6/18/2023,IG,USD/CAD,1237,1245
6/18/2023,OANDA,USD/CHF,952,738
6/18/2023,FXCM,NZD/USD,1177,1006
6/18/2023,FXCM,EUR/JPY,1140,821
6/18/2023,IG,GBP/JPY,1480,864
6/18/2023,Pepperstone,EUR/GBP,1312,1399
6/25/2023,OANDA,EUR/USD,948,786
6/25/2023,FXCM,GBP/USD,1262,792
6/25/2023,OANDA,USD/JPY,866,1091
6/25/2023,OANDA,AUD/USD,1185,1066
6/25/2023,Pepperstone,USD/CAD,1311,743
6/25/2023,FXCM,USD/CHF,1352,1220
6/25/2023,Pepperstone,NZD/USD,831,1090
6/25/2023,FXCM,EUR/JPY,1053,1237
6/25/2023,FXCM,GBP/JPY,935,1336
6/25/2023,FXCM,EUR/GBP,1148,987
7/2/2023,FXCM,EUR/USD,1497,1186
7/2/2023,FXCM,GBP/USD,1446,1357
7/2/2023,OANDA,USD/JPY,853,1223
7/2/2023,Pepperstone,AUD/USD,895,1207
7/2/2023,FXCM,USD/CAD,914,754
7/2/2023,FXCM,USD/CHF,845,858
7/2/2023,Pepperstone,NZD/USD,904,1119
7/2/2023,IG,EUR/JPY,1075,1198
7/2/2023,Pepperstone,GBP/JPY,1275,787
7/2/2023,FXCM,EUR/GBP,1252,742
7/9/2023,Pepperstone,EUR/USD,1389,1044
7/9/2023,IG,GBP/USD,909,1089
7/9/2023,Pepperstone,USD/JPY,1428,809
7/9/2023,IG,AUD/USD,1102,1309
7/9/2023,OANDA,USD/CAD,1073,889
7/9/2023,FXCM,USD/CHF,1384,1313
7/9/2023,Pepperstone,NZD/USD,1128,928
7/9/2023,IG,EUR/JPY,1445,1358
7/9/2023,FXCM,GBP/JPY,1404,707
7/9/2023,Pepperstone,EUR/GBP,1009,736
7/16/2023,OANDA,EUR/USD,908,995
7/16/2023,FXCM,GBP/USD,1130,899
7/16/2023,FXCM,USD/JPY,1234,1367
7/16/2023,FXCM,AUD/USD,1265,1185
7/16/2023,IG,USD/CAD,1417,970
7/16/2023,IG,USD/CHF,817,731
7/16/2023,OANDA,NZD/USD,1187,1114
7/16/2023,Pepperstone,EUR/JPY,1145,971
7/16/2023,OANDA,GBP/JPY,1419,1198
7/16/2023,IG,EUR/GBP,940,1121
7/23/2023,Pepperstone,EUR/USD,1018,821
7/23/2023,OANDA,GBP/USD,873,707
7/23/2023,OANDA,USD/JPY,1332,1238
7/23/2023,OANDA,AUD/USD,1494,1001
7/23/2023,FXCM,USD/CAD,873,1086
7/23/2023,Pepperstone,USD/CHF,877,930
7/23/2023,OANDA,NZD/USD,1268,1196
7/23/2023,FXCM,EUR/JPY,1264,904
7/23/2023,OANDA,GBP/JPY,1411,949
7/23/2023,Pepperstone,EUR/GBP,1442,1164
7/30/2023,OANDA,EUR/USD,1443,912
7/30/2023,FXCM,GBP/USD,992,971
7/30/2023,Pepperstone,USD/JPY,1434,740
7/30/2023,IG,AUD/USD,1153,783
7/30/2023,Pepperstone,USD/CAD,822,1311
7/30/2023,IG,USD/CHF,1179,988
7/30/2023,FXCM,NZD/USD,1146,1009
7/30/2023,OANDA,EUR/JPY,1044,855
7/30/2023,FXCM,GBP/JPY,1438,1172
7/30/2023,FXCM,EUR/GBP,1172,838
8/6/2023,IG,EUR/USD,1098,1301
8/6/2023,FXCM,GBP/USD,1291,1373
8/6/2023,IG,USD/JPY,1321,1201
8/6/2023,OANDA,AUD/USD,1216,875
8/6/2023,IG,USD/CAD,1157,979
8/6/2023,IG,USD/CHF,1058,1154
8/6/2023,Pepperstone,NZD/USD,975,1276
8/6/2023,IG,EUR/JPY,1383,1059
8/6/2023,Pepperstone,GBP/JPY,1041,859
8/6/2023,Pepperstone,EUR/GBP,832,980
8/13/2023,Pepperstone,EUR/USD,883,1347
8/13/2023,OANDA,GBP/USD,1353,1314
8/13/2023,OANDA,USD/JPY,1485,1174
8/13/2023,IG,AUD/USD,1303,933
8/13/2023,Pepperstone,USD/CAD,985,1255
8/13/2023,Pepperstone,USD/CHF,1246,1141
8/13/2023,IG,NZD/USD,1106,1167
8/13/2023,Pepperstone,EUR/JPY,1464,1053
8/13/2023,IG,GBP/JPY,1322,961
8/13/2023,Pepperstone,EUR/GBP,1344,1099
8/20/2023,FXCM,EUR/USD,1372,712
8/20/2023,IG,GBP/USD,1129,1024
8/20/2023,Pepperstone,USD/JPY,1017,979
8/20/2023,IG,AUD/USD,840,1227
8/20/2023,Pepperstone,USD/CAD,1172,969
8/20/2023,IG,USD/CHF,1243,1163
8/20/2023,FXCM,NZD/USD,1214,758
8/20/2023,OANDA,EUR/JPY,934,731
8/20/2023,OANDA,GBP/JPY,1319,1079
8/20/2023,IG,EUR/GBP,803,974
8/27/2023,Pepperstone,EUR/USD,1249,899
8/27/2023,Pepperstone,GBP/USD,1171,1064
8/27/2023,FXCM,USD/JPY,1305,978
8/27/2023,IG,AUD/USD,1389,955
8/27/2023,IG,USD/CAD,1122,882
8/27/2023,Pepperstone,USD/CHF,851,718
8/27/2023,FXCM,NZD/USD,820,1140
8/27/2023,Pepperstone,EUR/JPY,887,1112
8/27/2023,Pepperstone,GBP/JPY,982,1093
8/27/2023,IG,EUR/GBP,1318,1030
9/3/2023,IG,EUR/USD,1135,932
9/3/2023,OANDA,GBP/USD,1099,964
9/3/2023,Pepperstone,USD/JPY,1364,830
9/3/2023,OANDA,AUD/USD,986,872
9/3/2023,OANDA,USD/CAD,1172,1233
9/3/2023,Pepperstone,USD/CHF,1118,936
9/3/2023,IG,NZD/USD,1497,710
9/3/2023,OANDA,EUR/JPY,1269,1338
9/3/2023,OANDA,GBP/JPY,1375,1083
9/3/2023,Pepperstone,EUR/GBP,1204,867
9/10/2023,OANDA,EUR/USD,891,776
9/10/2023,OANDA,GBP/USD,1488,1116
9/10/2023,IG,USD/JPY,957,702
9/10/2023,IG,AUD/USD,1286,1216
9/10/2023,IG,USD/CAD,1300,1357
9/10/2023,Pepperstone,USD/CHF,1254,1022
9/10/2023,Pepperstone,NZD/USD,1301,1372
9/10/2023,Pepperstone,EUR/JPY,1432,754
9/10/2023,FXCM,GBP/JPY,1091,947
9/10/2023,FXCM,EUR/GBP,923,814
9/17/2023,Pepperstone,EUR/USD,1397,1281
9/17/2023,OANDA,GBP/USD,1375,741
9/17/2023,Pepperstone,USD/JPY,1485,1053
9/17/2023,Pepperstone,AUD/USD,1136,766
9/17/2023,Pepperstone,USD/CAD,1082,997
9/17/2023,FXCM,USD/CHF,848,1144
9/17/2023,FXCM,NZD/USD,839,980
9/17/2023,Pepperstone,EUR/JPY,1387,860
9/17/2023,FXCM,GBP/JPY,1328,792
9/17/2023,Pepperstone,EUR/GBP,1096,1047
9/24/2023,FXCM,EUR/USD,1438,746
9/24/2023,FXCM,GBP/USD,1192,1166
9/24/2023,OANDA,USD/JPY,925,861
9/24/2023,OANDA,AUD/USD,1018,716
9/24/2023,FXCM,USD/CAD,1043,1377
9/24/2023,IG,USD/CHF,1117,1002
9/24/2023,IG,NZD/USD,1450,1186
9/24/2023,IG,EUR/JPY,1464,1139
9/24/2023,OANDA,GBP/JPY,1462,1087
9/24/2023,IG,EUR/GBP,1051,793
10/1/2023,OANDA,EUR/USD,1094,1034
10/1/2023,Pepperstone,GBP/USD,1406,851
10/1/2023,FXCM,USD/JPY,971,1053
10/1/2023,IG,AUD/USD,1001,1399
10/1/2023,OANDA,USD/CAD,1109,901
10/1/2023,FXCM,USD/CHF,1278,875
10/1/2023,IG,NZD/USD,1421,1213
10/1/2023,OANDA,EUR/JPY,924,765
10/1/2023,FXCM,GBP/JPY,1117,1117
10/1/2023,IG,EUR/GBP,1170,1325
10/8/2023,IG,EUR/USD,882,1388
10/8/2023,Pepperstone,GBP/USD,1455,1263
10/8/2023,FXCM,USD/JPY,839,908
10/8/2023,OANDA,AUD/USD,1049,1304
10/8/2023,OANDA,USD/CAD,1254,756
10/8/2023,FXCM,USD/CHF,980,804
10/8/2023,FXCM,NZD/USD,1166,1105
10/8/2023,FXCM,EUR/JPY,1385,1109
10/8/2023,IG,GBP/JPY,936,1065
10/8/2023,Pepperstone,EUR/GBP,1331,1263
10/15/2023,Pepperstone,EUR/USD,1090,1039
10/15/2023,FXCM,GBP/USD,1142,1329
10/15/2023,OANDA,USD/JPY,1126,840
10/15/2023,IG,AUD/USD,1465,1161
10/15/2023,IG,USD/CAD,1107,1316
10/15/2023,OANDA,USD/CHF,1117,1236
10/15/2023,IG,NZD/USD,1493,825
10/15/2023,IG,EUR/JPY,1335,704
10/15/2023,OANDA,GBP/JPY,1388,950
10/15/2023,IG,EUR/GBP,1102,1242
10/22/2023,Pepperstone,EUR/USD,902,999
10/22/2023,OANDA,GBP/USD,1117,1265
10/22/2023,Pepperstone,USD/JPY,952,706
10/22/2023,OANDA,AUD/USD,1203,965
10/22/2023,FXCM,USD/CAD,1437,1016
10/22/2023,Pepperstone,USD/CHF,800,1024
10/22/2023,FXCM,NZD/USD,1104,790
10/22/2023,IG,EUR/JPY,991,1264
10/22/2023,FXCM,GBP/JPY,835,844
10/22/2023,Pepperstone,EUR/GBP,1261,828
10/29/2023,Pepperstone,EUR/USD,868,813
10/29/2023,Pepperstone,GBP/USD,1273,1185
10/29/2023,IG,USD/JPY,1330,1161
10/29/2023,OANDA,AUD/USD,916,1327
10/29/2023,OANDA,USD/CAD,1215,1075
10/29/2023,OANDA,USD/CHF,1408,1018
10/29/2023,FXCM,NZD/USD,1109,915
10/29/2023,Pepperstone,EUR/JPY,1163,1352
10/29/2023,Pepperstone,GBP/JPY,1162,1235
10/29/2023,OANDA,EUR/GBP,1221,720
11/5/2023,OANDA,EUR/USD,1357,1028
11/5/2023,Pepperstone,GBP/USD,1229,899
11/5/2023,FXCM,USD/JPY,1414,751
11/5/2023,IG,AUD/USD,968,711
11/5/2023,Pepperstone,USD/CAD,876,924
11/5/2023,OANDA,USD/CHF,1084,1211
11/5/2023,FXCM,NZD/USD,1114,1381
11/5/2023,FXCM,EUR/JPY,1336,1303
11/5/2023,Pepperstone,GBP/JPY,1066,1199
11/5/2023,OANDA,EUR/GBP,1215,919
11/12/2023,FXCM,EUR/USD,1150,808
11/12/2023,Pepperstone,GBP/USD,1418,838
11/12/2023,OANDA,USD/JPY,941,1211
11/12/2023,Pepperstone,AUD/USD,1233,1147
11/12/2023,OANDA,USD/CAD,857,1329
11/12/2023,FXCM,USD/CHF,1207,734
11/12/2023,IG,NZD/USD,1387,941
11/12/2023,IG,EUR/JPY,1005,1355
11/12/2023,OANDA,GBP/JPY,924,855
11/12/2023,IG,EUR/GBP,1400,792
11/19/2023,OANDA,EUR/USD,1481,711
11/19/2023,Pepperstone,GBP/USD,1018,1251
11/19/2023,OANDA,USD/JPY,1066,781
11/19/2023,Pepperstone,AUD/USD,1064,1318
11/19/2023,OANDA,USD/CAD,924,1125
11/19/2023,Pepperstone,USD/CHF,1247,942
11/19/2023,Pepperstone,NZD/USD,1467,1160
11/19/2023,FXCM,EUR/JPY,1316,795
11/19/2023,Pepperstone,GBP/JPY,1357,1186
11/19/2023,FXCM,EUR/GBP,958,1169
11/26/2023,FXCM,EUR/USD,1311,1019
11/26/2023,Pepperstone,GBP/USD,1441,955
11/26/2023,OANDA,USD/JPY,1460,1027
11/26/2023,OANDA,AUD/USD,854,1142
11/26/2023,Pepperstone,USD/CAD,1195,982
11/26/2023,Pepperstone,USD/CHF,1000,814
11/26/2023,Pepperstone,NZD/USD,1208,1273
11/26/2023,FXCM,EUR/JPY,892,743
11/26/2023,OANDA,GBP/JPY,1111,753
11/26/2023,IG,EUR/GBP,1250,871
12/3/2023,FXCM,EUR/USD,821,754
12/3/2023,FXCM,GBP/USD,991,1245
12/3/2023,OANDA,USD/JPY,1487,833
12/3/2023,Pepperstone,AUD/USD,954,1203
12/3/2023,Pepperstone,USD/CAD,1312,896
12/3/2023,IG,USD/CHF,1048,1212
12/3/2023,IG,NZD/USD,1349,1067
12/3/2023,FXCM,EUR/JPY,1455,917
12/3/2023,FXCM,GBP/JPY,837,906
12/3/2023,OANDA,EUR/GBP,1207,784
12/10/2023,Pepperstone,EUR/USD,1270,978
12/10/2023,Pepperstone,GBP/USD,1454,899
12/10/2023,IG,USD/JPY,1453,941
12/10/2023,Pepperstone,AUD/USD,958,1301
12/10/2023,OANDA,USD/CAD,1130,1178
12/10/2023,OANDA,USD/CHF,967,1095
12/10/2023,FXCM,NZD/USD,1149,888
12/10/2023,OANDA,EUR/JPY,1411,885
12/10/2023,IG,GBP/JPY,1031,798
12/10/2023,IG,EUR/GBP,849,1261
12/17/2023,FXCM,EUR/USD,1359,836
12/17/2023,FXCM,GBP/USD,1040,1245
12/17/2023,OANDA,USD/JPY,1262,1232
12/17/2023,FXCM,AUD/USD,1320,1323
12/17/2023,Pepperstone,USD/CAD,1128,1163
12/17/2023,IG,USD/CHF,1055,727
12/17/2023,OANDA,NZD/USD,1376,1216
12/17/2023,IG,EUR/JPY,1483,780
12/17/2023,Pepperstone,GBP/JPY,1434,748
12/17/2023,OANDA,EUR/GBP,813,702
12/24/2023,Pepperstone,EUR/USD,1177,737
12/24/2023,FXCM,GBP/USD,885,926
12/24/2023,FXCM,USD/JPY,1157,731
12/24/2023,FXCM,AUD/USD,1047,1178
12/24/2023,FXCM,USD/CAD,886,846
12/24/2023,IG,USD/CHF,1088,811
12/24/2023,Pepperstone,NZD/USD,811,1049
12/24/2023,Pepperstone,EUR/JPY,1118,749
12/24/2023,FXCM,GBP/JPY,1347,1140
12/24/2023,Pepperstone,EUR/GBP,1457,841
12/31/2023,IG,EUR/USD,1036,1283
12/31/2023,OANDA,GBP/USD,922,1188
12/31/2023,IG,USD/JPY,1274,878
12/31/2023,FXCM,AUD/USD,1015,1130
12/31/2023,IG,USD/CAD,1262,846
12/31/2023,OANDA,USD/CHF,937,985
12/31/2023,Pepperstone,NZD/USD,996,1030
12/31/2023,OANDA,EUR/JPY,1068,1345
12/31/2023,IG,GBP/JPY,1432,891
12/31/2023,OANDA,EUR/GBP,894,1202
1/7/2024,Pepperstone,EUR/USD,1457,837
1/7/2024,IG,GBP/USD,1078,950
1/7/2024,FXCM,USD/JPY,1378,758
1/7/2024,FXCM,AUD/USD,1112,775
1/7/2024,Pepperstone,USD/CAD,1302,1355
1/7/2024,FXCM,USD/CHF,867,1149
1/7/2024,FXCM,NZD/USD,1444,1352
1/7/2024,OANDA,EUR/JPY,1248,1351
1/7/2024,IG,GBP/JPY,1224,857
1/7/2024,OANDA,EUR/GBP,1178,794
1/14/2024,FXCM,EUR/USD,804,849
1/14/2024,Pepperstone,GBP/USD,1462,1325
1/14/2024,Pepperstone,USD/JPY,990,1226
1/14/2024,OANDA,AUD/USD,1003,802
1/14/2024,Pepperstone,USD/CAD,1381,1159
1/14/2024,IG,USD/CHF,1194,782
1/14/2024,FXCM,NZD/USD,1005,1127
1/14/2024,IG,EUR/JPY,916,1123
1/14/2024,Pepperstone,GBP/JPY,960,1184
1/14/2024,Pepperstone,EUR/GBP,1083,1247
1/21/2024,Pepperstone,EUR/USD,857,1325
1/21/2024,OANDA,GBP/USD,852,1202
1/21/2024,FXCM,USD/JPY,991,1014
1/21/2024,IG,AUD/USD,865,1052
1/21/2024,IG,USD/CAD,1424,1201
1/21/2024,OANDA,USD/CHF,878,1089
1/21/2024,Pepperstone,NZD/USD,1427,1121
1/21/2024,FXCM,EUR/JPY,1419,1011
1/21/2024,Pepperstone,GBP/JPY,1245,1138
1/21/2024,OANDA,EUR/GBP,1455,738
1/28/2024,OANDA,EUR/USD,1250,1275
1/28/2024,IG,GBP/USD,1469,1293
1/28/2024,OANDA,USD/JPY,897,1034
1/28/2024,Pepperstone,AUD/USD,1308,1225
1/28/2024,IG,USD/CAD,956,920
1/28/2024,FXCM,USD/CHF,1120,723
1/28/2024,FXCM,NZD/USD,1024,1181
1/28/2024,Pepperstone,EUR/JPY,1055,766
1/28/2024,OANDA,GBP/JPY,1401,943
1/28/2024,IG,EUR/GBP,885,816
2/4/2024,Pepperstone,EUR/USD,1079,752
2/4/2024,FXCM,GBP/USD,808,1244
2/4/2024,FXCM,USD/JPY,802,809
2/4/2024,IG,AUD/USD,923,884
2/4/2024,IG,USD/CAD,1350,1340
2/4/2024,OANDA,USD/CHF,1439,1128
2/4/2024,OANDA,NZD/USD,1298,1114
2/4/2024,FXCM,EUR/JPY,1238,720
2/4/2024,Pepperstone,GBP/JPY,1271,783
2/4/2024,OANDA,EUR/GBP,1158,1181
2/11/2024,IG,EUR/USD,1337,1153
2/11/2024,OANDA,GBP/USD,1300,888
2/11/2024,OANDA,USD/JPY,1376,1042
2/11/2024,IG,AUD/USD,1116,948
2/11/2024,IG,USD/CAD,1498,974
2/11/2024,OANDA,USD/CHF,833,786
2/11/2024,OANDA,NZD/USD,1110,1055
2/11/2024,OANDA,EUR/JPY,1164,1022
2/11/2024,Pepperstone,GBP/JPY,1413,840
2/11/2024,Pepperstone,EUR/GBP,1249,988
2/18/2024,OANDA,EUR/USD,1223,1154
2/18/2024,Pepperstone,GBP/USD,1452,1117
2/18/2024,IG,USD/JPY,1339,909
2/18/2024,IG,AUD/USD,830,1020
2/18/2024,FXCM,USD/CAD,1375,992
2/18/2024,Pepperstone,USD/CHF,1401,1314
2/18/2024,FXCM,NZD/USD,1432,965
2/18/2024,Pepperstone,EUR/JPY,1298,1260
2/18/2024,Pepperstone,GBP/JPY,877,1049
2/18/2024,Pepperstone,EUR/GBP,934,1166
2/25/2024,OANDA,EUR/USD,1437,992
2/25/2024,IG,GBP/USD,1353,1060
2/25/2024,OANDA,USD/JPY,1243,1051
2/25/2024,OANDA,AUD/USD,851,878
2/25/2024,FXCM,USD/CAD,911,721
2/25/2024,IG,USD/CHF,826,705
2/25/2024,OANDA,NZD/USD,1166,1370
2/25/2024,OANDA,EUR/JPY,1088,702
2/25/2024,IG,GBP/JPY,1270,1377
2/25/2024,FXCM,EUR/GBP,1383,1208
3/3/2024,OANDA,EUR/USD,1109,723
3/3/2024,Pepperstone,GBP/USD,1266,706
3/3/2024,IG,USD/JPY,918,1355
3/3/2024,Pepperstone,AUD/USD,1040,1142
3/3/2024,FXCM,USD/CAD,1088,1103
3/3/2024,FXCM,USD/CHF,943,991
3/3/2024,IG,NZD/USD,1314,1240
3/3/2024,FXCM,EUR/JPY,1253,1308
3/3/2024,OANDA,GBP/JPY,1425,1152
3/3/2024,IG,EUR/GBP,1309,902
3/10/2024,Pepperstone,EUR/USD,879,918
3/10/2024,IG,GBP/USD,1102,793
3/10/2024,Pepperstone,USD/JPY,931,789
3/10/2024,Pepperstone,AUD/USD,1203,1215
3/10/2024,FXCM,USD/CAD,878,747
3/10/2024,IG,USD/CHF,862,1011
3/10/2024,OANDA,NZD/USD,1413,1372
3/10/2024,Pepperstone,EUR/JPY,1055,842
3/10/2024,IG,GBP/JPY,870,851
3/10/2024,OANDA,EUR/GBP,1075,842
3/17/2024,IG,EUR/USD,1113,1151
3/17/2024,Pepperstone,GBP/USD,1452,1216
3/17/2024,IG,USD/JPY,1499,1004
3/17/2024,FXCM,AUD/USD,1043,1140
3/17/2024,IG,USD/CAD,1469,718
3/17/2024,IG,USD/CHF,1196,1010
3/17/2024,OANDA,NZD/USD,989,1065
3/17/2024,FXCM,EUR/JPY,1407,793
3/17/2024,FXCM,GBP/JPY,1002,1369
3/17/2024,OANDA,EUR/GBP,822,829
3/24/2024,IG,EUR/USD,1260,1393
3/24/2024,IG,GBP/USD,1320,1140
3/24/2024,FXCM,USD/JPY,1209,1354
3/24/2024,IG,AUD/USD,1358,856
3/24/2024,IG,USD/CAD,864,890
3/24/2024,FXCM,USD/CHF,1358,978
3/24/2024,FXCM,NZD/USD,1447,1261
3/24/2024,FXCM,EUR/JPY,1381,939
3/24/2024,FXCM,GBP/JPY,1120,1168
3/24/2024,IG,EUR/GBP,1062,1204
3/31/2024,FXCM,EUR/USD,1438,812
3/31/2024,OANDA,GBP/USD,980,1029
3/31/2024,FXCM,USD/JPY,1084,714
3/31/2024,OANDA,AUD/USD,1224,930
3/31/2024,OANDA,USD/CAD,1158,1261
3/31/2024,OANDA,USD/CHF,864,1125
3/31/2024,OANDA,NZD/USD,943,721
3/31/2024,IG,EUR/JPY,1193,936
3/31/2024,FXCM,GBP/JPY,841,894
3/31/2024,IG,EUR/GBP,812,1258
4/7/2024,OANDA,EUR/USD,1245,764
4/7/2024,Pepperstone,GBP/USD,961,989
4/7/2024,IG,USD/JPY,1344,1196
4/7/2024,FXCM,AUD/USD,1112,1112
4/7/2024,OANDA,USD/CAD,819,710
4/7/2024,OANDA,USD/CHF,1460,735
4/7/2024,FXCM,NZD/USD,892,723
4/7/2024,FXCM,EUR/JPY,1217,1192
4/7/2024,Pepperstone,GBP/JPY,869,1331
4/7/2024,Pepperstone,EUR/GBP,1300,1004
4/14/2024,IG,EUR/USD,1142,950
4/14/2024,IG,GBP/USD,975,1275
4/14/2024,Pepperstone,USD/JPY,805,1226
4/14/2024,IG,AUD/USD,1457,1317
4/14/2024,Pepperstone,USD/CAD,1471,793
4/14/2024,OANDA,USD/CHF,1186,741
4/14/2024,IG,NZD/USD,1046,1388
4/14/2024,OANDA,EUR/JPY,1005,1371
4/14/2024,OANDA,GBP/JPY,1060,1395
4/14/2024,OANDA,EUR/GBP,1320,890
4/21/2024,FXCM,EUR/USD,811,1026
4/21/2024,IG,GBP/USD,1487,918
4/21/2024,IG,USD/JPY,1031,1390
4/21/2024,OANDA,AUD/USD,825,897
4/21/2024,Pepperstone,USD/CAD,1464,894
4/21/2024,OANDA,USD/CHF,1332,1146
4/21/2024,IG,NZD/USD,1086,814
4/21/2024,IG,EUR/JPY,1309,1151
4/21/2024,IG,GBP/JPY,1377,1175
4/21/2024,Pepperstone,EUR/GBP,1388,866
4/28/2024,OANDA,EUR/USD,806,1252
4/28/2024,Pepperstone,GBP/USD,852,1261
4/28/2024,FXCM,USD/JPY,1499,1298
4/28/2024,Pepperstone,AUD/USD,1111,1121
4/28/2024,OANDA,USD/CAD,1145,1302
4/28/2024,FXCM,USD/CHF,1385,1253
4/28/2024,OANDA,NZD/USD,1197,1312
4/28/2024,FXCM,EUR/JPY,1132,1356
4/28/2024,FXCM,GBP/JPY,1244,1108
4/28/2024,OANDA,EUR/GBP,848,1394
5/5/2024,OANDA,EUR/USD,1179,1202
5/5/2024,Pepperstone,GBP/USD,1337,939
5/5/2024,Pepperstone,USD/JPY,1497,750
5/5/2024,FXCM,AUD/USD,995,1270
5/5/2024,FXCM,USD/CAD,986,764
5/5/2024,OANDA,USD/CHF,1391,1026
5/5/2024,OANDA,NZD/USD,1281,993
5/5/2024,OANDA,EUR/JPY,1235,738
5/5/2024,OANDA,GBP/JPY,1031,1184
5/5/2024,FXCM,EUR/GBP,1342,864
5/12/2024,FXCM,EUR/USD,1244,1387
5/12/2024,IG,GBP/USD,1491,1016
5/12/2024,OANDA,USD/JPY,1397,880
5/12/2024,FXCM,AUD/USD,1330,1181
5/12/2024,FXCM,USD/CAD,1153,1300
5/12/2024,OANDA,USD/CHF,1084,1324
5/12/2024,FXCM,NZD/USD,917,979
5/12/2024,FXCM,EUR/JPY,946,1279
5/12/2024,FXCM,GBP/JPY,895,1375
5/12/2024,IG,EUR/GBP,1236,1214
5/19/2024,OANDA,EUR/USD,922,1018
5/19/2024,Pepperstone,GBP/USD,1362,1351
5/19/2024,OANDA,USD/JPY,1315,1293
5/19/2024,OANDA,AUD/USD,1486,851
5/19/2024,OANDA,USD/CAD,1230,704
5/19/2024,OANDA,USD/CHF,925,1194
5/19/2024,IG,NZD/USD,1288,834
5/19/2024,FXCM,EUR/JPY,1012,1179
5/19/2024,Pepperstone,GBP/JPY,1362,1044
5/19/2024,OANDA,EUR/GBP,1165,1351
5/26/2024,Pepperstone,EUR/USD,1269,1100
5/26/2024,FXCM,GBP/USD,1119,1019
5/26/2024,IG,USD/JPY,1363,1206
5/26/2024,FXCM,AUD/USD,1349,716
5/26/2024,OANDA,USD/CAD,1078,1214
5/26/2024,Pepperstone,USD/CHF,941,1304
5/26/2024,IG,NZD/USD,995,1241
5/26/2024,IG,EUR/JPY,1456,881
5/26/2024,Pepperstone,GBP/JPY,1388,869
5/26/2024,IG,EUR/GBP,998,1029
6/2/2024,FXCM,EUR/USD,1138,1317
6/2/2024,IG,GBP/USD,1242,1164
6/2/2024,IG,USD/JPY,828,1034
6/2/2024,Pepperstone,AUD/USD,951,1053
6/2/2024,Pepperstone,USD/CAD,1465,1219
6/2/2024,FXCM,USD/CHF,1122,1351
6/2/2024,Pepperstone,NZD/USD,1145,1029
6/2/2024,Pepperstone,EUR/JPY,1212,891
6/2/2024,FXCM,GBP/JPY,1468,1145
6/2/2024,IG,EUR/GBP,959,1354
6/9/2024,IG,EUR/USD,1456,883
6/9/2024,IG,GBP/USD,836,938
6/9/2024,Pepperstone,USD/JPY,1493,1309
6/9/2024,FXCM,AUD/USD,1251,1021
6/9/2024,FXCM,USD/CAD,1100,730
6/9/2024,OANDA,USD/CHF,1266,1017
6/9/2024,OANDA,NZD/USD,1141,881
6/9/2024,OANDA,EUR/JPY,844,883
6/9/2024,Pepperstone,GBP/JPY,1336,769
6/9/2024,FXCM,EUR/GBP,841,729
6/16/2024,FXCM,EUR/USD,1078,1340
6/16/2024,OANDA,GBP/USD,1457,1356
6/16/2024,Pepperstone,USD/JPY,1450,840
6/16/2024,IG,AUD/USD,1392,785
6/16/2024,IG,USD/CAD,1316,1144
6/16/2024,OANDA,USD/CHF,900,1158
6/16/2024,IG,NZD/USD,1127,1234
6/16/2024,IG,EUR/JPY,1315,1229
6/16/2024,OANDA,GBP/JPY,1354,1374
6/16/2024,FXCM,EUR/GBP,1354,991
6/23/2024,Pepperstone,EUR/USD,1443,1118
6/23/2024,Pepperstone,GBP/USD,822,1248
6/23/2024,FXCM,USD/JPY,1187,1056
6/23/2024,IG,AUD/USD,1345,1327
6/23/2024,OANDA,USD/CAD,923,949
6/23/2024,IG,USD/CHF,1124,1285
6/23/2024,Pepperstone,NZD/USD,1004,849
6/23/2024,OANDA,EUR/JPY,934,768
6/23/2024,Pepperstone,GBP/JPY,831,1015
6/23/2024,Pepperstone,EUR/GBP,1160,763
6/30/2024,IG,EUR/USD,802,932
6/30/2024,Pepperstone,GBP/USD,1417,704
6/30/2024,IG,USD/JPY,1445,1285
6/30/2024,Pepperstone,AUD/USD,1253,1270
6/30/2024,IG,USD/CAD,1403,955
6/30/2024,FXCM,USD/CHF,1268,1156
6/30/2024,IG,NZD/USD,1275,930
6/30/2024,OANDA,EUR/JPY,963,1214
6/30/2024,FXCM,GBP/JPY,809,1126
6/30/2024,OANDA,EUR/GBP,947,1011
7/7/2024,OANDA,EUR/USD,871,1099
7/7/2024,IG,GBP/USD,1469,904
7/7/2024,Pepperstone,USD/JPY,924,879
7/7/2024,FXCM,AUD/USD,1030,985
7/7/2024,FXCM,USD/CAD,1442,878
7/7/2024,FXCM,USD/CHF,901,1340
7/7/2024,FXCM,NZD/USD,986,749
7/7/2024,OANDA,EUR/JPY,871,866
7/7/2024,FXCM,GBP/JPY,1273,917
7/7/2024,OANDA,EUR/GBP,1318,1388
7/14/2024,Pepperstone,EUR/USD,1366,1219
7/14/2024,OANDA,GBP/USD,1430,1310
7/14/2024,FXCM,USD/JPY,859,857
7/14/2024,Pepperstone,AUD/USD,1471,1228
7/14/2024,FXCM,USD/CAD,804,918
7/14/2024,FXCM,USD/CHF,1188,1189
7/14/2024,Pepperstone,NZD/USD,1427,773
7/14/2024,Pepperstone,EUR/JPY,1393,1158
7/14/2024,Pepperstone,GBP/JPY,916,1002
7/14/2024,IG,EUR/GBP,893,999
7/21/2024,OANDA,EUR/USD,1379,1332
7/21/2024,FXCM,GBP/USD,1340,1385
7/21/2024,FXCM,USD/JPY,1010,725
7/21/2024,IG,AUD/USD,1329,1233
7/21/2024,Pepperstone,USD/CAD,903,889
7/21/2024,OANDA,USD/CHF,1237,804
7/21/2024,Pepperstone,NZD/USD,1356,851
7/21/2024,OANDA,EUR/JPY,1360,1122
7/21/2024,Pepperstone,GBP/JPY,911,1370
7/21/2024,FXCM,EUR/GBP,934,1067
7/28/2024,FXCM,EUR/USD,1142,889
7/28/2024,Pepperstone,GBP/USD,1212,1153
7/28/2024,OANDA,USD/JPY,1391,1215
7/28/2024,IG,AUD/USD,1453,1105
7/28/2024,IG,USD/CAD,1494,1209
7/28/2024,FXCM,USD/CHF,1386,903
7/28/2024,IG,NZD/USD,1486,732
7/28/2024,FXCM,EUR/JPY,1222,823
7/28/2024,IG,GBP/JPY,1117,949
7/28/2024,Pepperstone,EUR/GBP,982,937
8/4/2024,OANDA,EUR/USD,1105,890
8/4/2024,IG,GBP/USD,1362,737
8/4/2024,OANDA,USD/JPY,1464,1092
8/4/2024,FXCM,AUD/USD,886,803
8/4/2024,Pepperstone,USD/CAD,1096,1090
8/4/2024,Pepperstone,USD/CHF,868,1081
8/4/2024,OANDA,NZD/USD,836,1145
8/4/2024,FXCM,EUR/JPY,826,1372
8/4/2024,IG,GBP/JPY,1355,1320
8/4/2024,FXCM,EUR/GBP,1226,1374
8/11/2024,FXCM,EUR/USD,1458,757
8/11/2024,Pepperstone,GBP/USD,1350,1331
8/11/2024,OANDA,USD/JPY,1468,901
8/11/2024,OANDA,AUD/USD,968,1007
8/11/2024,IG,USD/CAD,1250,1175
8/11/2024,FXCM,USD/CHF,988,989
8/11/2024,Pepperstone,NZD/USD,1046,1184
8/11/2024,FXCM,EUR/JPY,1161,1040
8/11/2024,IG,GBP/JPY,1418,949
8/11/2024,OANDA,EUR/GBP,1053,1202
8/18/2024,OANDA,EUR/USD,1292,1087
8/18/2024,FXCM,GBP/USD,1070,999
8/18/2024,FXCM,USD/JPY,928,897
8/18/2024,IG,AUD/USD,1471,954
8/18/2024,FXCM,USD/CAD,1494,1305
8/18/2024,IG,USD/CHF,1260,1175
8/18/2024,IG,NZD/USD,1346,1219
8/18/2024,Pepperstone,EUR/JPY,948,779
8/18/2024,OANDA,GBP/JPY,1324,1049
8/18/2024,Pepperstone,EUR/GBP,1015,924
8/25/2024,OANDA,EUR/USD,812,1186
8/25/2024,Pepperstone,GBP/USD,1055,1029
8/25/2024,OANDA,USD/JPY,1228,1086
8/25/2024,Pepperstone,AUD/USD,1244,760
8/25/2024,FXCM,USD/CAD,1360,1063
8/25/2024,Pepperstone,USD/CHF,1117,853
8/25/2024,FXCM,NZD/USD,1080,1195
8/25/2024,IG,EUR/JPY,1142,1056
8/25/2024,Pepperstone,GBP/JPY,1489,1053
8/25/2024,Pepperstone,EUR/GBP,1243,824
9/1/2024,IG,EUR/USD,986,1127
9/1/2024,OANDA,GBP/USD,1340,990
9/1/2024,Pepperstone,USD/JPY,1139,1056
9/1/2024,FXCM,AUD/USD,983,949
9/1/2024,Pepperstone,USD/CAD,1405,1164
9/1/2024,IG,USD/CHF,812,1247
9/1/2024,Pepperstone,NZD/USD,1165,1187
9/1/2024,FXCM,EUR/JPY,1234,998
9/1/2024,FXCM,GBP/JPY,996,846
9/1/2024,OANDA,EUR/GBP,1024,1103
9/8/2024,FXCM,EUR/USD,1415,1128
9/8/2024,IG,GBP/USD,867,785
9/8/2024,OANDA,USD/JPY,1203,1175
9/8/2024,OANDA,AUD/USD,1078,1204
9/8/2024,FXCM,USD/CAD,1358,954
9/8/2024,OANDA,USD/CHF,856,1124
9/8/2024,IG,NZD/USD,1371,1018
9/8/2024,Pepperstone,EUR/JPY,1370,984
9/8/2024,OANDA,GBP/JPY,1027,811
9/8/2024,IG,EUR/GBP,1486,1128
9/15/2024,IG,EUR/USD,879,1160
9/15/2024,Pepperstone,GBP/USD,857,994
9/15/2024,IG,USD/JPY,1484,1224
9/15/2024,FXCM,AUD/USD,1019,1035
9/15/2024,OANDA,USD/CAD,1026,856
9/15/2024,FXCM,USD/CHF,1250,809
9/15/2024,FXCM,NZD/USD,1104,840
9/15/2024,OANDA,EUR/JPY,867,955
9/15/2024,OANDA,GBP/JPY,1085,1090
9/15/2024,Pepperstone,EUR/GBP,1465,1339
9/22/2024,IG,EUR/USD,1235,854
9/22/2024,OANDA,GBP/USD,804,1037
9/22/2024,OANDA,USD/JPY,1142,835
9/22/2024,FXCM,AUD/USD,1391,1206
9/22/2024,FXCM,USD/CAD,1066,969
9/22/2024,IG,USD/CHF,1137,790
9/22/2024,OANDA,NZD/USD,1488,1126
9/22/2024,IG,EUR/JPY,1394,1235
9/22/2024,FXCM,GBP/JPY,860,1002
9/22/2024,Pepperstone,EUR/GBP,1016,1051
9/29/2024,OANDA,EUR/USD,1274,1275
9/29/2024,OANDA,GBP/USD,969,1320
9/29/2024,Pepperstone,USD/JPY,1353,1344
9/29/2024,FXCM,AUD/USD,844,1228
9/29/2024,FXCM,USD/CAD,1379,846
9/29/2024,Pepperstone,USD/CHF,938,721
9/29/2024,IG,NZD/USD,1498,1396
9/29/2024,OANDA,EUR/JPY,874,812
9/29/2024,FXCM,GBP/JPY,1329,1012
9/29/2024,FXCM,EUR/GBP,848,933
10/6/2024,FXCM,EUR/USD,879,755
10/6/2024,OANDA,GBP/USD,1034,939
10/6/2024,IG,USD/JPY,879,1287
10/6/2024,IG,AUD/USD,1148,1034
10/6/2024,IG,USD/CAD,849,1250
10/6/2024,OANDA,USD/CHF,807,825
10/6/2024,Pepperstone,NZD/USD,1160,1019
10/6/2024,IG,EUR/JPY,1111,821
10/6/2024,IG,GBP/JPY,1437,1032
10/6/2024,FXCM,EUR/GBP,1115,1220
10/13/2024,Pepperstone,EUR/USD,1104,1063
10/13/2024,OANDA,GBP/USD,1356,1390
10/13/2024,Pepperstone,USD/JPY,1175,1279
10/13/2024,OANDA,AUD/USD,1218,933
10/13/2024,IG,USD/CAD,1343,1106
10/13/2024,Pepperstone,USD/CHF,961,1101
10/13/2024,Pepperstone,NZD/USD,1484,1309
10/13/2024,IG,EUR/JPY,1169,938
10/13/2024,IG,GBP/JPY,800,1306
10/13/2024,FXCM,EUR/GBP,1456,873
10/20/2024,Pepperstone,EUR/USD,1102,969
10/20/2024,Pepperstone,GBP/USD,1178,1058
10/20/2024,OANDA,USD/JPY,800,1272
10/20/2024,OANDA,AUD/USD,1469,1270
10/20/2024,FXCM,USD/CAD,1433,895
10/20/2024,OANDA,USD/CHF,1259,1081
10/20/2024,OANDA,NZD/USD,1089,986
10/20/2024,FXCM,EUR/JPY,1373,1366
10/20/2024,Pepperstone,GBP/JPY,1229,1370
10/20/2024,OANDA,EUR/GBP,848,984
10/27/2024,Pepperstone,EUR/USD,949,755
10/27/2024,IG,GBP/USD,1489,931
10/27/2024,Pepperstone,USD/JPY,967,980
10/27/2024,FXCM,AUD/USD,1169,1290
10/27/2024,FXCM,USD/CAD,1441,1389
10/27/2024,FXCM,USD/CHF,1468,1243
10/27/2024,Pepperstone,NZD/USD,1247,1264
10/27/2024,IG,EUR/JPY,1315,1055
10/27/2024,OANDA,GBP/JPY,1439,1346
10/27/2024,IG,EUR/GBP,1379,1149
11/3/2024,FXCM,EUR/USD,1286,973
11/3/2024,IG,GBP/USD,824,1141
11/3/2024,FXCM,USD/JPY,974,1366
11/3/2024,FXCM,AUD/USD,850,1189
11/3/2024,Pepperstone,USD/CAD,1066,1279
11/3/2024,OANDA,USD/CHF,1142,859
11/3/2024,FXCM,NZD/USD,989,1019
11/3/2024,Pepperstone,EUR/JPY,803,1086
11/3/2024,IG,GBP/JPY,906,1119
11/3/2024,IG,EUR/GBP,1429,1168
11/10/2024,Pepperstone,EUR/USD,1183,844
11/10/2024,Pepperstone,GBP/USD,1343,1226
11/10/2024,Pepperstone,USD/JPY,1481,723
11/10/2024,FXCM,AUD/USD,1193,1374
11/10/2024,FXCM,USD/CAD,1344,920
11/10/2024,IG,USD/CHF,1084,803
11/10/2024,IG,NZD/USD,1204,1016
11/10/2024,IG,EUR/JPY,1001,1383
11/10/2024,FXCM,GBP/JPY,959,1226
11/10/2024,Pepperstone,EUR/GBP,888,879
11/17/2024,IG,EUR/USD,1110,1276
11/17/2024,IG,GBP/USD,1212,1262
11/17/2024,IG,USD/JPY,847,1376
11/17/2024,Pepperstone,AUD/USD,827,761
11/17/2024,OANDA,USD/CAD,1109,873
11/17/2024,FXCM,USD/CHF,1483,888
11/17/2024,IG,NZD/USD,1096,1128
11/17/2024,OANDA,EUR/JPY,1316,799
11/17/2024,IG,GBP/JPY,930,764
11/17/2024,IG,EUR/GBP,1045,1028
11/24/2024,FXCM,EUR/USD,1348,1297
11/24/2024,FXCM,GBP/USD,1336,1257
11/24/2024,OANDA,USD/JPY,921,1367
11/24/2024,FXCM,AUD/USD,903,1175
11/24/2024,OANDA,USD/CAD,867,1217
11/24/2024,IG,USD/CHF,1202,1356
11/24/2024,IG,NZD/USD,1405,1083
11/24/2024,OANDA,EUR/JPY,842,1002
11/24/2024,OANDA,GBP/JPY,973,809
11/24/2024,OANDA,EUR/GBP,1465,1353
12/1/2024,OANDA,EUR/USD,1370,895
12/1/2024,OANDA,GBP/USD,1448,1324
12/1/2024,IG,USD/JPY,900,1074
12/1/2024,Pepperstone,AUD/USD,943,1391
12/1/2024,Pepperstone,USD/CAD,1038,1298
12/1/2024,IG,USD/CHF,1175,950
12/1/2024,IG,NZD/USD,1111,851
12/1/2024,Pepperstone,EUR/JPY,914,956
12/1/2024,IG,GBP/JPY,831,1391
12/1/2024,Pepperstone,EUR/GBP,818,1385
12/8/2024,Pepperstone,EUR/USD,1466,1293
12/8/2024,Pepperstone,GBP/USD,1397,789
12/8/2024,Pepperstone,USD/JPY,1252,1122
12/8/2024,Pepperstone,AUD/USD,1360,889
12/8/2024,FXCM,USD/CAD,1364,1191
12/8/2024,IG,USD/CHF,1401,1139
12/8/2024,Pepperstone,NZD/USD,1069,745
12/8/2024,IG,EUR/JPY,1430,1136
12/8/2024,Pepperstone,GBP/JPY,1391,1036
12/8/2024,Pepperstone,EUR/GBP,898,1014
12/15/2024,FXCM,EUR/USD,1302,881
12/15/2024,IG,GBP/USD,1050,932
12/15/2024,FXCM,USD/JPY,1442,1216
12/15/2024,OANDA,AUD/USD,939,714
12/15/2024,OANDA,USD/CAD,1305,1066
12/15/2024,IG,USD/CHF,1067,1034
12/15/2024,FXCM,NZD/USD,1298,1262
12/15/2024,Pepperstone,EUR/JPY,1197,1110
12/15/2024,OANDA,GBP/JPY,1481,1014
12/15/2024,Pepperstone,EUR/GBP,1237,758
12/22/2024,IG,EUR/USD,836,1299
12/22/2024,IG,GBP/USD,954,1280
12/22/2024,OANDA,USD/JPY,864,1286
12/22/2024,FXCM,AUD/USD,1212,1315
12/22/2024,IG,USD/CAD,1371,1050
12/22/2024,OANDA,USD/CHF,1061,706
12/22/2024,IG,NZD/USD,1322,1397
12/22/2024,OANDA,EUR/JPY,1454,729
12/22/2024,OANDA,GBP/JPY,1284,707
12/22/2024,FXCM,EUR/GBP,1227,768
12/29/2024,Pepperstone,EUR/USD,912,797
12/29/2024,IG,GBP/USD,1087,901
12/29/2024,OANDA,USD/JPY,857,1187
12/29/2024,OANDA,AUD/USD,927,1213
12/29/2024,Pepperstone,USD/CAD,1336,1029
12/29/2024,IG,USD/CHF,1027,803
12/29/2024,IG,NZD/USD,1419,761
12/29/2024,IG,EUR/JPY,970,1140
12/29/2024,FXCM,GBP/JPY,1468,941
12/29/2024,IG,EUR/GBP,1004,1336
1/5/2025,Pepperstone,EUR/USD,852,1166
1/5/2025,FXCM,GBP/USD,1296,1000
1/5/2025,Pepperstone,USD/JPY,911,810
1/5/2025,OANDA,AUD/USD,1051,736
1/5/2025,OANDA,USD/CAD,1086,1161
1/5/2025,IG,USD/CHF,1251,1242
1/5/2025,FXCM,NZD/USD,1473,717
1/5/2025,Pepperstone,EUR/JPY,890,815
1/5/2025,FXCM,GBP/JPY,1167,1376
1/5/2025,OANDA,EUR/GBP,1343,1049
1/12/2025,FXCM,EUR/USD,1337,1288
1/12/2025,IG,GBP/USD,1395,942
1/12/2025,FXCM,USD/JPY,878,937
1/12/2025,IG,AUD/USD,1095,939
1/12/2025,Pepperstone,USD/CAD,1374,1075
1/12/2025,OANDA,USD/CHF,1490,852
1/12/2025,OANDA,NZD/USD,829,973
1/12/2025,IG,EUR/JPY,1459,1010
1/12/2025,Pepperstone,GBP/JPY,1019,997
1/12/2025,IG,EUR/GBP,890,899
1/19/2025,FXCM,EUR/USD,941,724
1/19/2025,IG,GBP/USD,1460,1090
1/19/2025,OANDA,USD/JPY,1415,990
1/19/2025,IG,AUD/USD,1029,799
1/19/2025,IG,USD/CAD,1165,1376
1/19/2025,OANDA,USD/CHF,1182,1262
1/19/2025,IG,NZD/USD,1109,1040
1/19/2025,Pepperstone,EUR/JPY,978,800
1/19/2025,FXCM,GBP/JPY,1229,741
1/19/2025,IG,EUR/GBP,1270,843
1/26/2025,IG,EUR/USD,931,817
1/26/2025,OANDA,GBP/USD,1148,1331
1/26/2025,FXCM,USD/JPY,942,1300
1/26/2025,OANDA,AUD/USD,853,725
1/26/2025,Pepperstone,USD/CAD,1476,749
1/26/2025,FXCM,USD/CHF,1397,714
1/26/2025,Pepperstone,NZD/USD,1126,848
1/26/2025,FXCM,EUR/JPY,1482,1095
1/26/2025,Pepperstone,GBP/JPY,1454,1065
1/26/2025,IG,EUR/GBP,1024,718
2/2/2025,Pepperstone,EUR/USD,1128,776
2/2/2025,Pepperstone,GBP/USD,1067,871
2/2/2025,IG,USD/JPY,853,1120
2/2/2025,IG,AUD/USD,1048,1302
2/2/2025,OANDA,USD/CAD,1394,1274
2/2/2025,IG,USD/CHF,978,946
2/2/2025,FXCM,NZD/USD,1163,720
2/2/2025,OANDA,EUR/JPY,1315,876
2/2/2025,Pepperstone,GBP/JPY,1127,1178
2/2/2025,IG,EUR/GBP,1145,1309
2/9/2025,FXCM,EUR/USD,1320,1083
2/9/2025,OANDA,GBP/USD,827,891
2/9/2025,Pepperstone,USD/JPY,1034,1058
2/9/2025,IG,AUD/USD,1074,994
2/9/2025,OANDA,USD/CAD,823,1059
2/9/2025,OANDA,USD/CHF,1447,819
2/9/2025,IG,NZD/USD,1177,1296
2/9/2025,OANDA,EUR/JPY,1232,1042
2/9/2025,Pepperstone,GBP/JPY,1188,885
2/9/2025,FXCM,EUR/GBP,826,1090
2/16/2025,IG,EUR/USD,1058,1252
2/16/2025,OANDA,GBP/USD,1292,963
2/16/2025,OANDA,USD/JPY,973,1058
2/16/2025,Pepperstone,AUD/USD,1403,1323
2/16/2025,IG,USD/CAD,1161,1147
2/16/2025,IG,USD/CHF,904,919
2/16/2025,Pepperstone,NZD/USD,1457,1083
2/16/2025,FXCM,EUR/JPY,1244,953
2/16/2025,OANDA,GBP/JPY,1467,775
2/16/2025,IG,EUR/GBP,954,1344
2/23/2025,Pepperstone,EUR/USD,1424,828
2/23/2025,IG,GBP/USD,1110,1275
2/23/2025,IG,USD/JPY,1279,900
2/23/2025,Pepperstone,AUD/USD,1459,826
2/23/2025,IG,USD/CAD,1303,1120
2/23/2025,IG,USD/CHF,1495,755
2/23/2025,FXCM,NZD/USD,821,1307
2/23/2025,FXCM,EUR/JPY,1234,1258
2/23/2025,Pepperstone,GBP/JPY,906,1027
2/23/2025,OANDA,EUR/GBP,1291,907
3/2/2025,IG,EUR/USD,1327,793
3/2/2025,FXCM,GBP/USD,1215,1085
3/2/2025,IG,USD/JPY,1226,946
3/2/2025,FXCM,AUD/USD,882,1119
3/2/2025,FXCM,USD/CAD,1335,1087
3/2/2025,IG,USD/CHF,945,1293
3/2/2025,Pepperstone,NZD/USD,1388,1025
3/2/2025,Pepperstone,EUR/JPY,844,835
3/2/2025,IG,GBP/JPY,1324,1258
3/2/2025,IG,EUR/GBP,907,1122
3/9/2025,FXCM,EUR/USD,822,907
3/9/2025,OANDA,GBP/USD,865,1012
3/9/2025,FXCM,USD/JPY,1052,920
3/9/2025,OANDA,AUD/USD,943,891
3/9/2025,IG,USD/CAD,930,984
3/9/2025,Pepperstone,USD/CHF,1008,853
3/9/2025,IG,NZD/USD,1318,1192
3/9/2025,FXCM,EUR/JPY,1005,1169
3/9/2025,IG,GBP/JPY,1293,1316
3/9/2025,OANDA,EUR/GBP,1224,1297
3/16/2025,IG,EUR/USD,804,1103
3/16/2025,Pepperstone,GBP/USD,1499,885
3/16/2025,OANDA,USD/JPY,1010,731
3/16/2025,Pepperstone,AUD/USD,1208,1119
3/16/2025,IG,USD/CAD,1234,780
3/16/2025,FXCM,USD/CHF,1098,964
3/16/2025,Pepperstone,NZD/USD,864,1076
3/16/2025,FXCM,EUR/JPY,1151,1395
3/16/2025,Pepperstone,GBP/JPY,966,929
3/16/2025,Pepperstone,EUR/GBP,862,1245
3/23/2025,IG,EUR/USD,1050,1048
3/23/2025,Pepperstone,GBP/USD,1045,1180
3/23/2025,FXCM,USD/JPY,873,1001
3/23/2025,Pepperstone,AUD/USD,1083,1016
3/23/2025,IG,USD/CAD,1203,867
3/23/2025,FXCM,USD/CHF,1112,1081
3/23/2025,Pepperstone,NZD/USD,960,1108
3/23/2025,IG,EUR/JPY,1138,896
3/23/2025,Pepperstone,GBP/JPY,1445,1008
3/23/2025,OANDA,EUR/GBP,1102,1310
3/30/2025,OANDA,EUR/USD,1466,1366
3/30/2025,FXCM,GBP/USD,887,1305
3/30/2025,FXCM,USD/JPY,1257,770
3/30/2025,FXCM,AUD/USD,1393,715
3/30/2025,Pepperstone,USD/CAD,1062,1024
3/30/2025,OANDA,USD/CHF,1282,980
3/30/2025,IG,NZD/USD,1029,810
3/30/2025,OANDA,EUR/JPY,1102,805
3/30/2025,Pepperstone,GBP/JPY,1060,712
3/30/2025,IG,EUR/GBP,1390,731
4/6/2025,Pepperstone,EUR/USD,1312,949
4/6/2025,Pepperstone,GBP/USD,1293,1081
4/6/2025,OANDA,USD/JPY,1112,1365
4/6/2025,IG,AUD/USD,1183,1087
4/6/2025,OANDA,USD/CAD,1041,1002
4/6/2025,OANDA,USD/CHF,1426,1104
4/6/2025,FXCM,NZD/USD,889,920
4/6/2025,OANDA,EUR/JPY,1391,1135
4/6/2025,FXCM,GBP/JPY,1102,1117
4/6/2025,IG,EUR/GBP,1276,1007
4/13/2025,Pepperstone,EUR/USD,861,1258
4/13/2025,OANDA,GBP/USD,1055,1349
4/13/2025,OANDA,USD/JPY,1275,1298
4/13/2025,IG,AUD/USD,1224,1235
4/13/2025,IG,USD/CAD,1400,740
4/13/2025,OANDA,USD/CHF,1174,806
4/13/2025,IG,NZD/USD,1491,946
4/13/2025,OANDA,EUR/JPY,820,1040
4/13/2025,OANDA,GBP/JPY,1056,1127
4/13/2025,OANDA,EUR/GBP,984,909
4/20/2025,OANDA,EUR/USD,1338,1165
4/20/2025,Pepperstone,GBP/USD,1094,1249
4/20/2025,FXCM,USD/JPY,1183,1032
4/20/2025,IG,AUD/USD,1055,1213
4/20/2025,OANDA,USD/CAD,1202,881
4/20/2025,IG,USD/CHF,1045,1002
4/20/2025,FXCM,NZD/USD,1050,1271
4/20/2025,IG,EUR/JPY,1414,1249
4/20/2025,OANDA,GBP/JPY,1084,1279
4/20/2025,IG,EUR/GBP,1389,916
4/27/2025,OANDA,EUR/USD,997,1191
4/27/2025,OANDA,GBP/USD,958,756
4/27/2025,OANDA,USD/JPY,1416,819
4/27/2025,FXCM,AUD/USD,1205,1373
4/27/2025,OANDA,USD/CAD,1005,1222
4/27/2025,OANDA,USD/CHF,945,843
4/27/2025,FXCM,NZD/USD,1215,1180
4/27/2025,IG,EUR/JPY,1301,1232
4/27/2025,Pepperstone,GBP/JPY,872,1163
4/27/2025,Pepperstone,EUR/GBP,1393,1134
